-- DimUser
INSERT INTO DimUser (user_id, user_name, country, subscription_type, start_date, end_date, updated_at) VALUES (1, 'Justin Gonzalez', 'Equatorial Guinea', 'Free', '2024-01-11', NULL, '2025-09-14 19:49:56');
INSERT INTO DimUser (user_id, user_name, country, subscription_type, start_date, end_date, updated_at) VALUES (2, 'Maria Lowe', 'Australia', 'Family', '2025-04-12', NULL, '2025-09-23 19:49:56');
INSERT INTO DimUser (user_id, user_name, country, subscription_type, start_date, end_date, updated_at) VALUES (3, 'Angel Turner', 'Nigeria', 'Family', '2025-09-25', NULL, '2025-09-18 19:49:56');
INSERT INTO DimUser (user_id, user_name, country, subscription_type, start_date, end_date, updated_at) VALUES (4, 'Ana Coleman', 'Pitcairn Islands', 'Premium', '2023-11-17', NULL, '2025-09-23 19:49:56');
INSERT INTO DimUser (user_id, user_name, country, subscription_type, start_date, end_date, updated_at) VALUES (5, 'Jeff Maddox', 'Macao', 'Free', '2024-03-02', NULL, '2025-10-06 19:49:56');
INSERT INTO DimUser (user_id, user_name, country, subscription_type, start_date, end_date, updated_at) VALUES (6, 'Adam Miller', 'Saint Pierre and Miquelon', 'Family', '2024-08-18', NULL, '2025-09-14 19:49:56');
INSERT INTO DimUser (user_id, user_name, country, subscription_type, start_date, end_date, updated_at) VALUES (7, 'Charlene Diaz', 'Malaysia', 'Premium', '2024-02-22', NULL, '2025-09-10 19:49:56');
INSERT INTO DimUser (user_id, user_name, country, subscription_type, start_date, end_date, updated_at) VALUES (8, 'David Douglas', 'Saudi Arabia', 'Family', '2024-06-27', NULL, '2025-09-13 19:49:56');
INSERT INTO DimUser (user_id, user_name, country, subscription_type, start_date, end_date, updated_at) VALUES (9, 'Susan Woodward', 'Philippines', 'Family', '2024-08-09', NULL, '2025-09-17 19:49:56');
INSERT INTO DimUser (user_id, user_name, country, subscription_type, start_date, end_date, updated_at) VALUES (10, 'Bruce Olson', 'Niue', 'Free', '2025-04-19', NULL, '2025-10-03 19:49:56');
INSERT INTO DimUser (user_id, user_name, country, subscription_type, start_date, end_date, updated_at) VALUES (11, 'Jill Allen', 'American Samoa', 'Family', '2024-11-05', NULL, '2025-09-14 19:49:56');
INSERT INTO DimUser (user_id, user_name, country, subscription_type, start_date, end_date, updated_at) VALUES (12, 'Alexander Vincent', 'Turkey', 'Family', '2024-01-26', NULL, '2025-09-21 19:49:56');
INSERT INTO DimUser (user_id, user_name, country, subscription_type, start_date, end_date, updated_at) VALUES (13, 'Christine Rodriguez', 'Martinique', 'Family', '2024-12-14', NULL, '2025-10-01 19:49:56');
INSERT INTO DimUser (user_id, user_name, country, subscription_type, start_date, end_date, updated_at) VALUES (14, 'Robyn Gutierrez', 'Nigeria', 'Free', '2024-11-01', NULL, '2025-09-30 19:49:56');
INSERT INTO DimUser (user_id, user_name, country, subscription_type, start_date, end_date, updated_at) VALUES (15, 'Crystal Johnson', 'Chile', 'Premium', '2025-09-24', NULL, '2025-09-08 19:49:56');
INSERT INTO DimUser (user_id, user_name, country, subscription_type, start_date, end_date, updated_at) VALUES (16, 'Manuel Henry', 'Burundi', 'Free', '2025-09-08', NULL, '2025-09-10 19:49:56');
INSERT INTO DimUser (user_id, user_name, country, subscription_type, start_date, end_date, updated_at) VALUES (17, 'Kristin Dodson', 'Thailand', 'Free', '2024-03-04', NULL, '2025-09-21 19:49:56');
INSERT INTO DimUser (user_id, user_name, country, subscription_type, start_date, end_date, updated_at) VALUES (18, 'Renee Hughes', 'French Guiana', 'Free', '2025-07-23', NULL, '2025-09-09 19:49:56');
INSERT INTO DimUser (user_id, user_name, country, subscription_type, start_date, end_date, updated_at) VALUES (19, 'Emily Brown', 'Grenada', 'Premium', '2025-08-27', NULL, '2025-09-07 19:49:56');
INSERT INTO DimUser (user_id, user_name, country, subscription_type, start_date, end_date, updated_at) VALUES (20, 'Michael Cunningham', 'Fiji', 'Free', '2024-03-02', NULL, '2025-10-06 19:49:56');
INSERT INTO DimUser (user_id, user_name, country, subscription_type, start_date, end_date, updated_at) VALUES (21, 'Elizabeth Vang', 'Austria', 'Family', '2025-03-29', NULL, '2025-09-18 19:49:56');
INSERT INTO DimUser (user_id, user_name, country, subscription_type, start_date, end_date, updated_at) VALUES (22, 'Mrs. Tiffany Kramer', 'Haiti', 'Free', '2025-03-13', NULL, '2025-09-27 19:49:56');
INSERT INTO DimUser (user_id, user_name, country, subscription_type, start_date, end_date, updated_at) VALUES (23, 'Kimberly Johnson', 'Swaziland', 'Family', '2024-10-15', NULL, '2025-09-23 19:49:56');
INSERT INTO DimUser (user_id, user_name, country, subscription_type, start_date, end_date, updated_at) VALUES (24, 'Crystal Liu', 'Costa Rica', 'Free', '2023-10-14', NULL, '2025-09-11 19:49:56');
INSERT INTO DimUser (user_id, user_name, country, subscription_type, start_date, end_date, updated_at) VALUES (25, 'Erin Harding', 'Syrian Arab Republic', 'Free', '2025-02-14', NULL, '2025-09-18 19:49:56');
INSERT INTO DimUser (user_id, user_name, country, subscription_type, start_date, end_date, updated_at) VALUES (26, 'Eric Meza', 'Qatar', 'Family', '2025-01-17', NULL, '2025-09-18 19:49:56');
INSERT INTO DimUser (user_id, user_name, country, subscription_type, start_date, end_date, updated_at) VALUES (27, 'Robert Medina', 'Croatia', 'Premium', '2024-02-20', NULL, '2025-09-25 19:49:56');
INSERT INTO DimUser (user_id, user_name, country, subscription_type, start_date, end_date, updated_at) VALUES (28, 'Julia White', 'Bulgaria', 'Free', '2025-03-04', NULL, '2025-09-14 19:49:56');
INSERT INTO DimUser (user_id, user_name, country, subscription_type, start_date, end_date, updated_at) VALUES (29, 'Thomas Stanley', 'Lao People''s Democratic Republic', 'Premium', '2023-12-29', NULL, '2025-09-07 19:49:56');
INSERT INTO DimUser (user_id, user_name, country, subscription_type, start_date, end_date, updated_at) VALUES (30, 'Sara Rowe', 'Slovenia', 'Premium', '2025-01-12', NULL, '2025-09-13 19:49:56');
INSERT INTO DimUser (user_id, user_name, country, subscription_type, start_date, end_date, updated_at) VALUES (31, 'Taylor Stewart', 'Colombia', 'Free', '2024-11-22', NULL, '2025-09-26 19:49:56');
INSERT INTO DimUser (user_id, user_name, country, subscription_type, start_date, end_date, updated_at) VALUES (32, 'Connor Burns', 'Isle of Man', 'Family', '2023-12-14', NULL, '2025-09-13 19:49:56');
INSERT INTO DimUser (user_id, user_name, country, subscription_type, start_date, end_date, updated_at) VALUES (33, 'Michael Mendez', 'Central African Republic', 'Family', '2024-03-03', NULL, '2025-09-10 19:49:56');
INSERT INTO DimUser (user_id, user_name, country, subscription_type, start_date, end_date, updated_at) VALUES (34, 'Troy Gillespie', 'Moldova', 'Family', '2025-09-24', NULL, '2025-09-20 19:49:56');
INSERT INTO DimUser (user_id, user_name, country, subscription_type, start_date, end_date, updated_at) VALUES (35, 'Molly Mejia', 'Bahrain', 'Premium', '2024-10-23', NULL, '2025-09-08 19:49:56');
INSERT INTO DimUser (user_id, user_name, country, subscription_type, start_date, end_date, updated_at) VALUES (36, 'Keith Monroe', 'Ecuador', 'Premium', '2024-10-13', NULL, '2025-09-18 19:49:56');
INSERT INTO DimUser (user_id, user_name, country, subscription_type, start_date, end_date, updated_at) VALUES (37, 'Becky Leonard', 'Colombia', 'Family', '2025-08-12', NULL, '2025-09-19 19:49:56');
INSERT INTO DimUser (user_id, user_name, country, subscription_type, start_date, end_date, updated_at) VALUES (38, 'Gary Holland', 'Mongolia', 'Free', '2024-09-26', NULL, '2025-10-03 19:49:56');
INSERT INTO DimUser (user_id, user_name, country, subscription_type, start_date, end_date, updated_at) VALUES (39, 'Misty Smith', 'Guatemala', 'Free', '2024-01-15', NULL, '2025-09-21 19:49:56');
INSERT INTO DimUser (user_id, user_name, country, subscription_type, start_date, end_date, updated_at) VALUES (40, 'Michael Haney', 'Turkey', 'Free', '2024-04-18', NULL, '2025-09-10 19:49:56');
INSERT INTO DimUser (user_id, user_name, country, subscription_type, start_date, end_date, updated_at) VALUES (41, 'Erica Goodman', 'Jersey', 'Family', '2024-08-05', NULL, '2025-10-03 19:49:56');
INSERT INTO DimUser (user_id, user_name, country, subscription_type, start_date, end_date, updated_at) VALUES (42, 'Melissa Lee', 'Yemen', 'Family', '2024-12-23', NULL, '2025-09-19 19:49:56');
INSERT INTO DimUser (user_id, user_name, country, subscription_type, start_date, end_date, updated_at) VALUES (43, 'Kari Carr', 'Saint Helena', 'Free', '2024-05-20', NULL, '2025-10-03 19:49:56');
INSERT INTO DimUser (user_id, user_name, country, subscription_type, start_date, end_date, updated_at) VALUES (44, 'Anthony Robinson', 'Cambodia', 'Free', '2025-08-25', NULL, '2025-09-10 19:49:56');
INSERT INTO DimUser (user_id, user_name, country, subscription_type, start_date, end_date, updated_at) VALUES (45, 'Jorge Hester', 'Morocco', 'Free', '2025-09-21', NULL, '2025-09-08 19:49:56');
INSERT INTO DimUser (user_id, user_name, country, subscription_type, start_date, end_date, updated_at) VALUES (46, 'Katherine Mcbride', 'Albania', 'Free', '2024-04-12', NULL, '2025-09-15 19:49:56');
INSERT INTO DimUser (user_id, user_name, country, subscription_type, start_date, end_date, updated_at) VALUES (47, 'Kathleen Adams', 'Mozambique', 'Family', '2024-06-06', NULL, '2025-09-11 19:49:56');
INSERT INTO DimUser (user_id, user_name, country, subscription_type, start_date, end_date, updated_at) VALUES (48, 'Michael Russell', 'Swaziland', 'Family', '2025-07-27', NULL, '2025-10-02 19:49:56');
INSERT INTO DimUser (user_id, user_name, country, subscription_type, start_date, end_date, updated_at) VALUES (49, 'Sandra Thompson', 'Montenegro', 'Free', '2025-07-23', NULL, '2025-09-09 19:49:56');
INSERT INTO DimUser (user_id, user_name, country, subscription_type, start_date, end_date, updated_at) VALUES (50, 'Sharon Hughes', 'Moldova', 'Premium', '2024-01-15', NULL, '2025-09-07 19:49:56');

-- DimArtist
INSERT INTO DimArtist (artist_id, artist_name, genre, country, updated_at) VALUES (1, 'Christine Martin', 'Classical', 'Saudi Arabia', '2025-09-21 19:49:56');
INSERT INTO DimArtist (artist_id, artist_name, genre, country, updated_at) VALUES (2, 'Johnny Coleman', 'Hip-Hop', 'South Africa', '2025-10-03 19:49:56');
INSERT INTO DimArtist (artist_id, artist_name, genre, country, updated_at) VALUES (3, 'Jennifer Collins', 'Jazz', 'Kuwait', '2025-10-02 19:49:56');
INSERT INTO DimArtist (artist_id, artist_name, genre, country, updated_at) VALUES (4, 'Anne Rose', 'Classical', 'Timor-Leste', '2025-10-07 19:49:56');
INSERT INTO DimArtist (artist_id, artist_name, genre, country, updated_at) VALUES (5, 'Wanda Hall', 'Rock', 'New Zealand', '2025-09-25 19:49:56');
INSERT INTO DimArtist (artist_id, artist_name, genre, country, updated_at) VALUES (6, 'William Bailey', 'Jazz', 'French Polynesia', '2025-09-14 19:49:56');
INSERT INTO DimArtist (artist_id, artist_name, genre, country, updated_at) VALUES (7, 'William Erickson', 'Classical', 'Yemen', '2025-09-29 19:49:56');
INSERT INTO DimArtist (artist_id, artist_name, genre, country, updated_at) VALUES (8, 'Kenneth Brown', 'Electronic', 'Saint Helena', '2025-09-30 19:49:56');
INSERT INTO DimArtist (artist_id, artist_name, genre, country, updated_at) VALUES (9, 'Brett White', 'Pop', 'Liberia', '2025-09-26 19:49:56');
INSERT INTO DimArtist (artist_id, artist_name, genre, country, updated_at) VALUES (10, 'Darrell Jones', 'Classical', 'New Caledonia', '2025-10-02 19:49:56');
INSERT INTO DimArtist (artist_id, artist_name, genre, country, updated_at) VALUES (11, 'Arthur Myers', 'Classical', 'Bangladesh', '2025-09-17 19:49:56');
INSERT INTO DimArtist (artist_id, artist_name, genre, country, updated_at) VALUES (12, 'Mercedes Hernandez', 'Classical', 'French Polynesia', '2025-09-09 19:49:56');
INSERT INTO DimArtist (artist_id, artist_name, genre, country, updated_at) VALUES (13, 'Sarah Carroll', 'Rock', 'Montserrat', '2025-10-05 19:49:56');
INSERT INTO DimArtist (artist_id, artist_name, genre, country, updated_at) VALUES (14, 'Christopher Hunter', 'Electronic', 'Kyrgyz Republic', '2025-10-04 19:49:56');
INSERT INTO DimArtist (artist_id, artist_name, genre, country, updated_at) VALUES (15, 'Eric Fisher', 'Hip-Hop', 'Australia', '2025-09-27 19:49:56');
INSERT INTO DimArtist (artist_id, artist_name, genre, country, updated_at) VALUES (16, 'Samantha Campbell', 'Rock', 'Barbados', '2025-10-04 19:49:56');
INSERT INTO DimArtist (artist_id, artist_name, genre, country, updated_at) VALUES (17, 'Phillip Henson', 'Pop', 'Lao People''s Democratic Republic', '2025-10-03 19:49:56');
INSERT INTO DimArtist (artist_id, artist_name, genre, country, updated_at) VALUES (18, 'Austin Rodriguez', 'Classical', 'United States of America', '2025-10-01 19:49:56');
INSERT INTO DimArtist (artist_id, artist_name, genre, country, updated_at) VALUES (19, 'Bobby Hunt', 'Jazz', 'Isle of Man', '2025-09-10 19:49:56');
INSERT INTO DimArtist (artist_id, artist_name, genre, country, updated_at) VALUES (20, 'Patricia Hernandez', 'Pop', 'Denmark', '2025-10-01 19:49:56');
INSERT INTO DimArtist (artist_id, artist_name, genre, country, updated_at) VALUES (21, 'Jay Vaughn', 'Pop', 'Sudan', '2025-09-08 19:49:56');
INSERT INTO DimArtist (artist_id, artist_name, genre, country, updated_at) VALUES (22, 'Sarah Smith', 'Rock', 'Ireland', '2025-09-19 19:49:56');
INSERT INTO DimArtist (artist_id, artist_name, genre, country, updated_at) VALUES (23, 'James Wagner', 'Rock', 'Uzbekistan', '2025-10-04 19:49:56');
INSERT INTO DimArtist (artist_id, artist_name, genre, country, updated_at) VALUES (24, 'Brent Snyder', 'Pop', 'United Arab Emirates', '2025-09-16 19:49:56');
INSERT INTO DimArtist (artist_id, artist_name, genre, country, updated_at) VALUES (25, 'Monica Watts', 'Jazz', 'Brazil', '2025-09-10 19:49:56');
INSERT INTO DimArtist (artist_id, artist_name, genre, country, updated_at) VALUES (26, 'Jacob Torres', 'Rock', 'Guernsey', '2025-09-27 19:49:56');
INSERT INTO DimArtist (artist_id, artist_name, genre, country, updated_at) VALUES (27, 'Francisco Tucker', 'Jazz', 'Costa Rica', '2025-09-07 19:49:56');
INSERT INTO DimArtist (artist_id, artist_name, genre, country, updated_at) VALUES (28, 'Casey Peterson', 'Electronic', 'Tajikistan', '2025-09-22 19:49:56');
INSERT INTO DimArtist (artist_id, artist_name, genre, country, updated_at) VALUES (29, 'David Barrera', 'Classical', 'Eritrea', '2025-10-02 19:49:56');
INSERT INTO DimArtist (artist_id, artist_name, genre, country, updated_at) VALUES (30, 'Joe Craig', 'Electronic', 'Guatemala', '2025-09-16 19:49:56');
INSERT INTO DimArtist (artist_id, artist_name, genre, country, updated_at) VALUES (31, 'Nicole Blackburn', 'Hip-Hop', 'Tokelau', '2025-09-08 19:49:56');
INSERT INTO DimArtist (artist_id, artist_name, genre, country, updated_at) VALUES (32, 'Angela Lawrence', 'Hip-Hop', 'Reunion', '2025-09-09 19:49:56');
INSERT INTO DimArtist (artist_id, artist_name, genre, country, updated_at) VALUES (33, 'Ms. Samantha Mayo DDS', 'Electronic', 'Mauritania', '2025-09-16 19:49:56');
INSERT INTO DimArtist (artist_id, artist_name, genre, country, updated_at) VALUES (34, 'Johnny Black', 'Rock', 'Switzerland', '2025-09-12 19:49:56');
INSERT INTO DimArtist (artist_id, artist_name, genre, country, updated_at) VALUES (35, 'Krista Mckay MD', 'Pop', 'Antigua and Barbuda', '2025-10-04 19:49:56');
INSERT INTO DimArtist (artist_id, artist_name, genre, country, updated_at) VALUES (36, 'Barbara Ellis', 'Classical', 'Bhutan', '2025-09-21 19:49:56');
INSERT INTO DimArtist (artist_id, artist_name, genre, country, updated_at) VALUES (37, 'Brianna Russell', 'Pop', 'Saint Martin', '2025-10-05 19:49:56');
INSERT INTO DimArtist (artist_id, artist_name, genre, country, updated_at) VALUES (38, 'Emily Cole', 'Jazz', 'Zimbabwe', '2025-09-18 19:49:56');
INSERT INTO DimArtist (artist_id, artist_name, genre, country, updated_at) VALUES (39, 'David Baldwin', 'Rock', 'Swaziland', '2025-09-29 19:49:56');
INSERT INTO DimArtist (artist_id, artist_name, genre, country, updated_at) VALUES (40, 'Todd Nelson', 'Electronic', 'Svalbard & Jan Mayen Islands', '2025-10-03 19:49:56');
INSERT INTO DimArtist (artist_id, artist_name, genre, country, updated_at) VALUES (41, 'Brandy Sanders', 'Rock', 'Saint Vincent and the Grenadines', '2025-10-04 19:49:56');
INSERT INTO DimArtist (artist_id, artist_name, genre, country, updated_at) VALUES (42, 'Michael Sanders', 'Pop', 'Swaziland', '2025-09-23 19:49:56');
INSERT INTO DimArtist (artist_id, artist_name, genre, country, updated_at) VALUES (43, 'Deborah Morrison', 'Pop', 'Kazakhstan', '2025-09-29 19:49:56');
INSERT INTO DimArtist (artist_id, artist_name, genre, country, updated_at) VALUES (44, 'Brandon Friedman', 'Pop', 'Senegal', '2025-09-14 19:49:56');
INSERT INTO DimArtist (artist_id, artist_name, genre, country, updated_at) VALUES (45, 'Robert Jones', 'Classical', 'Marshall Islands', '2025-10-02 19:49:56');
INSERT INTO DimArtist (artist_id, artist_name, genre, country, updated_at) VALUES (46, 'David Campbell', 'Hip-Hop', 'Saudi Arabia', '2025-09-23 19:49:56');
INSERT INTO DimArtist (artist_id, artist_name, genre, country, updated_at) VALUES (47, 'Lisa Jackson DDS', 'Classical', 'Congo', '2025-10-04 19:49:56');
INSERT INTO DimArtist (artist_id, artist_name, genre, country, updated_at) VALUES (48, 'Adam Sampson', 'Rock', 'Comoros', '2025-09-30 19:49:56');
INSERT INTO DimArtist (artist_id, artist_name, genre, country, updated_at) VALUES (49, 'Arthur Walker', 'Classical', 'Holy See (Vatican City State)', '2025-09-08 19:49:56');
INSERT INTO DimArtist (artist_id, artist_name, genre, country, updated_at) VALUES (50, 'Joshua Christian', 'Rock', 'Reunion', '2025-09-07 19:49:56');

-- DimTrack
INSERT INTO DimTrack (track_id, track_name, artist_id, album_name, duration_sec, release_date, updated_at) VALUES (1, 'Focused next generation encryption', 19, 'Piece Album', 248, '2022-04-14', '2025-10-05 19:49:56');
INSERT INTO DimTrack (track_id, track_name, artist_id, album_name, duration_sec, release_date, updated_at) VALUES (2, 'Public-key object-oriented archive', 42, 'Late Album', 257, '2021-03-08', '2025-09-30 19:49:56');
INSERT INTO DimTrack (track_id, track_name, artist_id, album_name, duration_sec, release_date, updated_at) VALUES (3, 'Mandatory intermediate artificial intelligence', 15, 'Too Album', 218, '2023-08-24', '2025-09-25 19:49:56');
INSERT INTO DimTrack (track_id, track_name, artist_id, album_name, duration_sec, release_date, updated_at) VALUES (4, 'Cross-group object-oriented alliance', 48, 'Surface Album', 278, '2021-09-08', '2025-09-19 19:49:56');
INSERT INTO DimTrack (track_id, track_name, artist_id, album_name, duration_sec, release_date, updated_at) VALUES (5, 'Extended bottom-line conglomeration', 4, 'Increase Album', 138, '2023-01-01', '2025-10-07 19:49:56');
INSERT INTO DimTrack (track_id, track_name, artist_id, album_name, duration_sec, release_date, updated_at) VALUES (6, 'Down-sized 6thgeneration initiative', 11, 'Our Album', 240, '2022-02-13', '2025-09-16 19:49:56');
INSERT INTO DimTrack (track_id, track_name, artist_id, album_name, duration_sec, release_date, updated_at) VALUES (7, 'Triple-buffered even-keeled database', 27, 'Opportunity Album', 188, '2023-08-07', '2025-09-22 19:49:56');
INSERT INTO DimTrack (track_id, track_name, artist_id, album_name, duration_sec, release_date, updated_at) VALUES (8, 'Fundamental bifurcated Graphical User Interface', 48, 'Sound Album', 200, '2020-12-08', '2025-09-12 19:49:56');
INSERT INTO DimTrack (track_id, track_name, artist_id, album_name, duration_sec, release_date, updated_at) VALUES (9, 'Persevering dedicated artificial intelligence', 2, 'Government Album', 193, '2024-08-11', '2025-09-25 19:49:56');
INSERT INTO DimTrack (track_id, track_name, artist_id, album_name, duration_sec, release_date, updated_at) VALUES (10, 'Programmable real-time function', 12, 'Adult Album', 186, '2020-11-17', '2025-09-25 19:49:56');
INSERT INTO DimTrack (track_id, track_name, artist_id, album_name, duration_sec, release_date, updated_at) VALUES (11, 'Decentralized mission-critical collaboration', 22, 'Make Album', 105, '2021-03-09', '2025-09-16 19:49:56');
INSERT INTO DimTrack (track_id, track_name, artist_id, album_name, duration_sec, release_date, updated_at) VALUES (12, 'Streamlined mobile knowledgebase', 40, 'Fact Album', 179, '2024-05-31', '2025-09-30 19:49:56');
INSERT INTO DimTrack (track_id, track_name, artist_id, album_name, duration_sec, release_date, updated_at) VALUES (13, 'Re-engineered user-facing benchmark', 23, 'Own Album', 268, '2022-03-29', '2025-09-26 19:49:56');
INSERT INTO DimTrack (track_id, track_name, artist_id, album_name, duration_sec, release_date, updated_at) VALUES (14, 'Grass-roots tangible attitude', 19, 'Art Album', 330, '2023-01-25', '2025-10-01 19:49:56');
INSERT INTO DimTrack (track_id, track_name, artist_id, album_name, duration_sec, release_date, updated_at) VALUES (15, 'Extended maximized application', 15, 'Machine Album', 259, '2024-05-04', '2025-09-18 19:49:56');
INSERT INTO DimTrack (track_id, track_name, artist_id, album_name, duration_sec, release_date, updated_at) VALUES (16, 'Enterprise-wide motivating access', 22, 'Participant Album', 137, '2021-03-13', '2025-09-19 19:49:56');
INSERT INTO DimTrack (track_id, track_name, artist_id, album_name, duration_sec, release_date, updated_at) VALUES (17, 'Pre-emptive dedicated parallelism', 2, 'Yes Album', 151, '2023-12-02', '2025-09-11 19:49:56');
INSERT INTO DimTrack (track_id, track_name, artist_id, album_name, duration_sec, release_date, updated_at) VALUES (18, 'Synchronized 5thgeneration hierarchy', 32, 'Most Album', 203, '2025-02-11', '2025-09-26 19:49:56');
INSERT INTO DimTrack (track_id, track_name, artist_id, album_name, duration_sec, release_date, updated_at) VALUES (19, 'Customizable leadingedge forecast', 29, 'Morning Album', 145, '2022-09-27', '2025-09-23 19:49:56');
INSERT INTO DimTrack (track_id, track_name, artist_id, album_name, duration_sec, release_date, updated_at) VALUES (20, 'Sharable executive open system', 30, 'Tough Album', 116, '2023-03-19', '2025-09-25 19:49:56');
INSERT INTO DimTrack (track_id, track_name, artist_id, album_name, duration_sec, release_date, updated_at) VALUES (21, 'Extended 3rdgeneration neural-net', 29, 'Chance Album', 238, '2023-08-21', '2025-10-06 19:49:56');
INSERT INTO DimTrack (track_id, track_name, artist_id, album_name, duration_sec, release_date, updated_at) VALUES (22, 'Extended explicit alliance', 28, 'Music Album', 166, '2023-09-05', '2025-09-28 19:49:56');
INSERT INTO DimTrack (track_id, track_name, artist_id, album_name, duration_sec, release_date, updated_at) VALUES (23, 'Horizontal contextually-based info-mediaries', 1, 'Professional Album', 132, '2022-04-07', '2025-10-03 19:49:56');
INSERT INTO DimTrack (track_id, track_name, artist_id, album_name, duration_sec, release_date, updated_at) VALUES (24, 'Devolved composite access', 36, 'The Album', 309, '2021-11-18', '2025-09-11 19:49:56');
INSERT INTO DimTrack (track_id, track_name, artist_id, album_name, duration_sec, release_date, updated_at) VALUES (25, 'Decentralized mission-critical conglomeration', 17, 'Than Album', 333, '2024-03-11', '2025-09-28 19:49:56');
INSERT INTO DimTrack (track_id, track_name, artist_id, album_name, duration_sec, release_date, updated_at) VALUES (26, 'Assimilated object-oriented database', 8, 'Respond Album', 138, '2024-04-07', '2025-09-24 19:49:56');
INSERT INTO DimTrack (track_id, track_name, artist_id, album_name, duration_sec, release_date, updated_at) VALUES (27, 'Multi-channeled 24hour algorithm', 48, 'Box Album', 130, '2021-10-04', '2025-09-11 19:49:56');
INSERT INTO DimTrack (track_id, track_name, artist_id, album_name, duration_sec, release_date, updated_at) VALUES (28, 'Organized disintermediate throughput', 16, 'Still Album', 122, '2020-10-12', '2025-09-18 19:49:56');
INSERT INTO DimTrack (track_id, track_name, artist_id, album_name, duration_sec, release_date, updated_at) VALUES (29, 'Reactive scalable secured line', 15, 'A Album', 275, '2022-06-26', '2025-09-25 19:49:56');
INSERT INTO DimTrack (track_id, track_name, artist_id, album_name, duration_sec, release_date, updated_at) VALUES (30, 'Progressive even-keeled methodology', 46, 'Happy Album', 178, '2023-01-12', '2025-10-05 19:49:56');
INSERT INTO DimTrack (track_id, track_name, artist_id, album_name, duration_sec, release_date, updated_at) VALUES (31, 'Reduced heuristic workforce', 25, 'Just Album', 129, '2024-07-03', '2025-10-02 19:49:56');
INSERT INTO DimTrack (track_id, track_name, artist_id, album_name, duration_sec, release_date, updated_at) VALUES (32, 'Stand-alone explicit workforce', 10, 'Hour Album', 107, '2022-01-18', '2025-10-02 19:49:56');
INSERT INTO DimTrack (track_id, track_name, artist_id, album_name, duration_sec, release_date, updated_at) VALUES (33, 'Open-architected bandwidth-monitored adapter', 15, 'Represent Album', 322, '2024-12-31', '2025-09-22 19:49:56');
INSERT INTO DimTrack (track_id, track_name, artist_id, album_name, duration_sec, release_date, updated_at) VALUES (34, 'Triple-buffered radical time-frame', 43, 'Market Album', 237, '2025-01-06', '2025-09-21 19:49:56');
INSERT INTO DimTrack (track_id, track_name, artist_id, album_name, duration_sec, release_date, updated_at) VALUES (35, 'Profit-focused mobile hierarchy', 3, 'Similar Album', 300, '2024-05-08', '2025-09-15 19:49:56');
INSERT INTO DimTrack (track_id, track_name, artist_id, album_name, duration_sec, release_date, updated_at) VALUES (36, 'Advanced logistical parallelism', 15, 'Other Album', 279, '2023-07-02', '2025-09-10 19:49:56');
INSERT INTO DimTrack (track_id, track_name, artist_id, album_name, duration_sec, release_date, updated_at) VALUES (37, 'Reduced national leverage', 12, 'Nation Album', 294, '2024-04-03', '2025-10-05 19:49:56');
INSERT INTO DimTrack (track_id, track_name, artist_id, album_name, duration_sec, release_date, updated_at) VALUES (38, 'Enhanced disintermediate hierarchy', 29, 'Miss Album', 216, '2025-02-02', '2025-09-26 19:49:56');
INSERT INTO DimTrack (track_id, track_name, artist_id, album_name, duration_sec, release_date, updated_at) VALUES (39, 'Multi-tiered systemic project', 14, 'Remain Album', 216, '2022-06-18', '2025-09-20 19:49:56');
INSERT INTO DimTrack (track_id, track_name, artist_id, album_name, duration_sec, release_date, updated_at) VALUES (40, 'Object-based 3rdgeneration solution', 24, 'Community Album', 187, '2021-08-24', '2025-10-05 19:49:56');
INSERT INTO DimTrack (track_id, track_name, artist_id, album_name, duration_sec, release_date, updated_at) VALUES (41, 'Visionary discrete customer loyalty', 28, 'Low Album', 214, '2022-10-31', '2025-09-14 19:49:56');
INSERT INTO DimTrack (track_id, track_name, artist_id, album_name, duration_sec, release_date, updated_at) VALUES (42, 'Streamlined bifurcated encoding', 38, 'There Album', 285, '2023-03-27', '2025-09-10 19:49:56');
INSERT INTO DimTrack (track_id, track_name, artist_id, album_name, duration_sec, release_date, updated_at) VALUES (43, 'Synergized dynamic application', 34, 'Any Album', 174, '2022-05-17', '2025-09-26 19:49:56');
INSERT INTO DimTrack (track_id, track_name, artist_id, album_name, duration_sec, release_date, updated_at) VALUES (44, 'Multi-tiered real-time policy', 42, 'First Album', 335, '2021-01-29', '2025-09-27 19:49:56');
INSERT INTO DimTrack (track_id, track_name, artist_id, album_name, duration_sec, release_date, updated_at) VALUES (45, 'Front-line directional focus group', 18, 'Dog Album', 255, '2021-01-20', '2025-09-08 19:49:56');
INSERT INTO DimTrack (track_id, track_name, artist_id, album_name, duration_sec, release_date, updated_at) VALUES (46, 'Team-oriented even-keeled firmware', 9, 'Owner Album', 303, '2024-03-22', '2025-10-07 19:49:56');
INSERT INTO DimTrack (track_id, track_name, artist_id, album_name, duration_sec, release_date, updated_at) VALUES (47, 'Persistent 5thgeneration leverage', 32, 'Pressure Album', 284, '2021-12-24', '2025-09-26 19:49:56');
INSERT INTO DimTrack (track_id, track_name, artist_id, album_name, duration_sec, release_date, updated_at) VALUES (48, 'Horizontal 3rdgeneration Internet solution', 21, 'While Album', 150, '2022-06-08', '2025-09-25 19:49:56');
INSERT INTO DimTrack (track_id, track_name, artist_id, album_name, duration_sec, release_date, updated_at) VALUES (49, 'Optional tangible algorithm', 47, 'Among Album', 317, '2021-12-16', '2025-10-05 19:49:56');
INSERT INTO DimTrack (track_id, track_name, artist_id, album_name, duration_sec, release_date, updated_at) VALUES (50, 'Business-focused 24hour paradigm', 40, 'Expert Album', 342, '2022-04-14', '2025-09-26 19:49:56');

-- DimUser
INSERT INTO DimUser (user_id, user_name, country, subscription_type, start_date, end_date, updated_at) VALUES (379, 'Susan King', 'Dominican Republic', 'Premium', '2024-05-09', NULL, '2025-10-07 19:49:56');
INSERT INTO DimUser (user_id, user_name, country, subscription_type, start_date, end_date, updated_at) VALUES (372, 'Tyler Oconnell', 'Venezuela', 'Premium', '2025-05-18', NULL, '2025-10-07 19:49:56');
INSERT INTO DimUser (user_id, user_name, country, subscription_type, start_date, end_date, updated_at) VALUES (58, 'Christopher Martinez', 'Georgia', 'Premium', '2025-03-23', NULL, '2025-10-07 19:49:56');
INSERT INTO DimUser (user_id, user_name, country, subscription_type, start_date, end_date, updated_at) VALUES (138, 'Courtney Deleon', 'Equatorial Guinea', 'Premium', '2025-02-03', NULL, '2025-10-07 19:49:56');
INSERT INTO DimUser (user_id, user_name, country, subscription_type, start_date, end_date, updated_at) VALUES (44, 'Michael Wood', 'Israel', 'Premium', '2024-05-05', NULL, '2025-10-07 19:49:56');
INSERT INTO DimUser (user_id, user_name, country, subscription_type, start_date, end_date, updated_at) VALUES (435, 'Mallory Garcia', 'Saudi Arabia', 'Premium', '2024-07-19', NULL, '2025-10-07 19:49:56');
INSERT INTO DimUser (user_id, user_name, country, subscription_type, start_date, end_date, updated_at) VALUES (491, 'Dylan Holmes', 'Canada', 'Premium', '2024-03-07', NULL, '2025-10-07 19:49:56');
INSERT INTO DimUser (user_id, user_name, country, subscription_type, start_date, end_date, updated_at) VALUES (85, 'Lisa Sherman', 'Japan', 'Premium', '2024-01-31', NULL, '2025-10-07 19:49:56');
INSERT INTO DimUser (user_id, user_name, country, subscription_type, start_date, end_date, updated_at) VALUES (105, 'Dana Martinez', 'Guam', 'Premium', '2025-05-31', NULL, '2025-10-07 19:49:56');
INSERT INTO DimUser (user_id, user_name, country, subscription_type, start_date, end_date, updated_at) VALUES (204, 'Jordan Wright', 'Uganda', 'Premium', '2025-03-20', NULL, '2025-10-07 19:49:56');
INSERT INTO DimUser (user_id, user_name, country, subscription_type, start_date, end_date, updated_at) VALUES (493, 'Justin Kaufman', 'Netherlands', 'Premium', '2025-08-19', NULL, '2025-10-07 19:49:56');
INSERT INTO DimUser (user_id, user_name, country, subscription_type, start_date, end_date, updated_at) VALUES (292, 'Bradley Hughes', 'Liechtenstein', 'Premium', '2025-07-23', NULL, '2025-10-07 19:49:56');
INSERT INTO DimUser (user_id, user_name, country, subscription_type, start_date, end_date, updated_at) VALUES (64, 'Clarence Figueroa', 'Papua New Guinea', 'Premium', '2024-09-09', NULL, '2025-10-07 19:49:56');
INSERT INTO DimUser (user_id, user_name, country, subscription_type, start_date, end_date, updated_at) VALUES (77, 'Erica Dunn', 'Central African Republic', 'Premium', '2023-10-28', NULL, '2025-10-07 19:49:56');
INSERT INTO DimUser (user_id, user_name, country, subscription_type, start_date, end_date, updated_at) VALUES (63, 'Kyle Khan', 'Australia', 'Premium', '2024-02-20', NULL, '2025-10-07 19:49:56');
INSERT INTO DimUser (user_id, user_name, country, subscription_type, start_date, end_date, updated_at) VALUES (78, 'Alexander Hunter', 'Suriname', 'Premium', '2024-07-11', NULL, '2025-10-07 19:49:56');
INSERT INTO DimUser (user_id, user_name, country, subscription_type, start_date, end_date, updated_at) VALUES (126, 'Kayla Sullivan', 'Montserrat', 'Premium', '2024-01-19', NULL, '2025-10-07 19:49:56');
INSERT INTO DimUser (user_id, user_name, country, subscription_type, start_date, end_date, updated_at) VALUES (483, 'Kelly Simmons', 'Hong Kong', 'Premium', '2024-01-10', NULL, '2025-10-07 19:49:56');
INSERT INTO DimUser (user_id, user_name, country, subscription_type, start_date, end_date, updated_at) VALUES (460, 'Brett Lopez', 'Brunei Darussalam', 'Premium', '2024-01-03', NULL, '2025-10-07 19:49:56');
INSERT INTO DimUser (user_id, user_name, country, subscription_type, start_date, end_date, updated_at) VALUES (480, 'Jacqueline Carter', 'Gabon', 'Premium', '2025-04-23', NULL, '2025-10-07 19:49:56');


